{
    "model_metrics": {
        "roc_auc": 0.9968093251580135,
        "accuracy": 0.9904859254599779,
        "f1_score": 0.9750669688852256
    },
    "business_metrics": {
        "avg_loan_amount": 68.47546593072306,
        "potential_savings": 162492.28065360582,
        "risk_loan_percentage": 0.18658594118572103
    },
    "top_features": [
        {
            "feature": "loan_cost",
            "importance": 0.3171542729237999
        },
        {
            "feature": "utilization_rate",
            "importance": 0.2983950635624041
        },
        {
            "feature": "payment_efficiency",
            "importance": 0.2712061288632098
        },
        {
            "feature": "total_pymnt",
            "importance": 0.04439988212715001
        },
        {
            "feature": "int_rate",
            "importance": 0.012881869498939708
        }
    ]
}